site,label_site,wildtype,mutation,condition,protein_chain,protein_site,mut_DMS prefs
188,188,N,A,thermo,A,188,-0.236463904
188,188,N,C,thermo,A,188,-0.340618849
188,188,N,D,thermo,A,188,0.054505676
188,188,N,E,thermo,A,188,-0.1019364
188,188,N,F,thermo,A,188,-0.386030257
188,188,N,G,thermo,A,188,0.18706125
188,188,N,H,thermo,A,188,-0.338162899
188,188,N,I,thermo,A,188,-0.407578051
188,188,N,K,thermo,A,188,-0.338361681
188,188,N,L,thermo,A,188,-0.225780189
188,188,N,M,thermo,A,188,-0.238601863
188,188,N,N,thermo,A,188,0
188,188,N,P,thermo,A,188,0.106891096
188,188,N,Q,thermo,A,188,-0.357797086
188,188,N,R,thermo,A,188,-0.330477953
188,188,N,S,thermo,A,188,-0.12181443
188,188,N,T,thermo,A,188,-0.074874341
188,188,N,V,thermo,A,188,-0.432460546
188,188,N,W,thermo,A,188,-0.454474449
188,188,N,Y,thermo,A,188,-0.415504396
62,62,I,A,thermo,A,62,-0.284791529
62,62,I,C,thermo,A,62,-0.555764019
62,62,I,D,thermo,A,62,0.27235797
62,62,I,E,thermo,A,62,-0.006898463
62,62,I,F,thermo,A,62,-0.292361975
62,62,I,G,thermo,A,62,-0.559600294
62,62,I,H,thermo,A,62,-0.411235392
62,62,I,I,thermo,A,62,0
62,62,I,K,thermo,A,62,-0.673777401
62,62,I,L,thermo,A,62,-0.308116019
62,62,I,M,thermo,A,62,-0.250544608
62,62,I,N,thermo,A,62,-0.236738563
62,62,I,P,thermo,A,62,1.383968234
62,62,I,Q,thermo,A,62,-0.42844063
62,62,I,R,thermo,A,62,-0.599281847
62,62,I,S,thermo,A,62,-0.050817549
62,62,I,T,thermo,A,62,-0.009427667
62,62,I,V,thermo,A,62,0.062056929
62,62,I,W,thermo,A,62,-0.013548255
62,62,I,Y,thermo,A,62,-0.122952521
246,246,N,A,thermo,A,246,-0.032120287
246,246,N,C,thermo,A,246,-0.662971556
246,246,N,D,thermo,A,246,0.662393808
246,246,N,E,thermo,A,246,-0.024534047
246,246,N,F,thermo,A,246,-0.333775699
246,246,N,G,thermo,A,246,0.855860472
246,246,N,H,thermo,A,246,-0.398111165
246,246,N,I,thermo,A,246,-0.613216221
246,246,N,K,thermo,A,246,-0.283464789
246,246,N,L,thermo,A,246,-0.165497005
246,246,N,M,thermo,A,246,-0.310323238
246,246,N,N,thermo,A,246,0
246,246,N,P,thermo,A,246,2.3767519
246,246,N,Q,thermo,A,246,-0.297433674
246,246,N,R,thermo,A,246,-0.511887014
246,246,N,S,thermo,A,246,-0.370574594
246,246,N,T,thermo,A,246,-0.840339005
246,246,N,V,thermo,A,246,-0.70915395
246,246,N,W,thermo,A,246,-0.480233133
246,246,N,Y,thermo,A,246,-0.580550373
289,289,P,A,thermo,A,289,-0.359580696
289,289,P,C,thermo,A,289,-0.262556136
289,289,P,D,thermo,A,289,-0.015884161
289,289,P,E,thermo,A,289,0.194049746
289,289,P,F,thermo,A,289,-0.017574728
289,289,P,G,thermo,A,289,-0.066450834
289,289,P,H,thermo,A,289,-0.193017602
289,289,P,I,thermo,A,289,-0.100423455
289,289,P,K,thermo,A,289,-0.272866726
289,289,P,L,thermo,A,289,-0.150311887
289,289,P,M,thermo,A,289,-0.026582778
289,289,P,N,thermo,A,289,-0.321152329
289,289,P,P,thermo,A,289,0
289,289,P,Q,thermo,A,289,-0.010946512
289,289,P,R,thermo,A,289,-0.295298338
289,289,P,S,thermo,A,289,-0.456345081
289,289,P,T,thermo,A,289,-0.356629908
289,289,P,V,thermo,A,289,-0.041089475
289,289,P,W,thermo,A,289,0.181858361
289,289,P,Y,thermo,A,289,-0.016005158
280,280,E,A,thermo,A,280,0.013236284
280,280,E,C,thermo,A,280,-0.501432598
280,280,E,D,thermo,A,280,0.119493574
280,280,E,E,thermo,A,280,0
280,280,E,F,thermo,A,280,-0.486899316
280,280,E,G,thermo,A,280,0.342440128
280,280,E,H,thermo,A,280,-0.243082762
280,280,E,I,thermo,A,280,-0.150154173
280,280,E,K,thermo,A,280,0.009860814
280,280,E,L,thermo,A,280,-0.229663074
280,280,E,M,thermo,A,280,-0.143793225
280,280,E,N,thermo,A,280,-0.056824803
280,280,E,P,thermo,A,280,0.402715653
280,280,E,Q,thermo,A,280,0.070598125
280,280,E,R,thermo,A,280,-0.040088952
280,280,E,S,thermo,A,280,-0.027817547
280,280,E,T,thermo,A,280,-0.187506616
280,280,E,V,thermo,A,280,-0.132253766
280,280,E,W,thermo,A,280,-0.58440727
280,280,E,Y,thermo,A,280,-0.520722806
308,308,Y,A,thermo,A,308,3.75601244
308,308,Y,C,thermo,A,308,3.107853174
308,308,Y,D,thermo,A,308,3.667889595
308,308,Y,E,thermo,A,308,3.72960186
308,308,Y,F,thermo,A,308,1.005575895
308,308,Y,G,thermo,A,308,3.639036655
308,308,Y,H,thermo,A,308,2.626708984
308,308,Y,I,thermo,A,308,3.383221626
308,308,Y,K,thermo,A,308,3.763555288
308,308,Y,L,thermo,A,308,3.328226089
308,308,Y,M,thermo,A,308,3.268771887
308,308,Y,N,thermo,A,308,3.635003805
308,308,Y,P,thermo,A,308,3.476473808
308,308,Y,Q,thermo,A,308,3.730267286
308,308,Y,R,thermo,A,308,3.336445332
308,308,Y,S,thermo,A,308,3.725993156
308,308,Y,T,thermo,A,308,3.595532179
308,308,Y,V,thermo,A,308,3.538664103
308,308,Y,W,thermo,A,308,0.720102072
308,308,Y,Y,thermo,A,308,0
243,243,L,A,thermo,A,243,2.966715813
243,243,L,C,thermo,A,243,2.049571753
243,243,L,D,thermo,A,243,3.819820404
243,243,L,E,thermo,A,243,3.599763632
243,243,L,F,thermo,A,243,2.192309856
243,243,L,G,thermo,A,243,3.565218925
243,243,L,H,thermo,A,243,3.75297761
243,243,L,I,thermo,A,243,1.569269061
243,243,L,K,thermo,A,243,3.540845633
243,243,L,L,thermo,A,243,0
243,243,L,M,thermo,A,243,1.548612356
243,243,L,N,thermo,A,243,3.79643774
243,243,L,P,thermo,A,243,3.893390656
243,243,L,Q,thermo,A,243,3.681746483
243,243,L,R,thermo,A,243,3.579013824
243,243,L,S,thermo,A,243,3.663107872
243,243,L,T,thermo,A,243,3.540473461
243,243,L,V,thermo,A,243,2.074440002
243,243,L,W,thermo,A,243,2.900441885
243,243,L,Y,thermo,A,243,2.939844608
256,256,G,A,thermo,A,256,2.755623341
256,256,G,C,thermo,A,256,2.084264755
256,256,G,D,thermo,A,256,3.449688911
256,256,G,E,thermo,A,256,3.573052883
256,256,G,F,thermo,A,256,2.229611158
256,256,G,G,thermo,A,256,0
256,256,G,H,thermo,A,256,3.033601046
256,256,G,I,thermo,A,256,2.987802029
256,256,G,K,thermo,A,256,3.479635715
256,256,G,L,thermo,A,256,2.680053473
256,256,G,M,thermo,A,256,2.640414476
256,256,G,N,thermo,A,256,3.319720507
256,256,G,P,thermo,A,256,3.370909214
256,256,G,Q,thermo,A,256,3.254150629
256,256,G,R,thermo,A,256,3.383665323
256,256,G,S,thermo,A,256,3.181364775
256,256,G,T,thermo,A,256,3.411279917
256,256,G,V,thermo,A,256,2.83777523
256,256,G,W,thermo,A,256,2.469534159
256,256,G,Y,thermo,A,256,2.457741737
232,232,I,A,thermo,A,232,2.922235966
232,232,I,C,thermo,A,232,2.020345211
232,232,I,D,thermo,A,232,4.122467041
232,232,I,E,thermo,A,232,3.931045055
232,232,I,F,thermo,A,232,2.030608177
232,232,I,G,thermo,A,232,3.945672035
232,232,I,H,thermo,A,232,3.540526152
232,232,I,I,thermo,A,232,0
232,232,I,K,thermo,A,232,3.495957375
232,232,I,L,thermo,A,232,1.18142271
232,232,I,M,thermo,A,232,1.777516723
232,232,I,N,thermo,A,232,3.897915125
232,232,I,P,thermo,A,232,3.561152458
232,232,I,Q,thermo,A,232,3.663107872
232,232,I,R,thermo,A,232,3.599131107
232,232,I,S,thermo,A,232,3.663720131
232,232,I,T,thermo,A,232,2.910838366
232,232,I,V,thermo,A,232,0.986645699
232,232,I,W,thermo,A,232,2.424076557
232,232,I,Y,thermo,A,232,2.501035213
153,153,W,A,thermo,A,153,3.354758739
153,153,W,C,thermo,A,153,1.568267107
153,153,W,D,thermo,A,153,4.353748322
153,153,W,E,thermo,A,153,3.63683629
153,153,W,F,thermo,A,153,0.885575533
153,153,W,G,thermo,A,153,3.830246925
153,153,W,H,thermo,A,153,2.765111685
153,153,W,I,thermo,A,153,2.39414835
153,153,W,K,thermo,A,153,3.340573549
153,153,W,L,thermo,A,153,1.123147368
153,153,W,M,thermo,A,153,1.596372008
153,153,W,N,thermo,A,153,3.716958761
153,153,W,P,thermo,A,153,3.291968107
153,153,W,Q,thermo,A,153,3.351671219
153,153,W,R,thermo,A,153,3.209572315
153,153,W,S,thermo,A,153,3.74596858
153,153,W,T,thermo,A,153,4.049025059
153,153,W,V,thermo,A,153,2.697198391
153,153,W,W,thermo,A,153,0
153,153,W,Y,thermo,A,153,1.023808718
